<project version="4">
  <component name="BookmarksManager">
    <option name="groups">
      <GroupState>
        <option name="name" value="cats" />
      </GroupState>
    </option>
  </component>
  <component name="FileEditorManager">
    <leaf SIDE_TABS_SIZE_LIMIT_KEY="-1">
      <file pinned="false" current-in-tab="false">
        <entry file="file://$PROJECT_DIR$/app/src/main/java/com/example/cats/MainActivity.kt">
          <provider selected="true" editor-type-id="android-source-code">
            <state>
              <editor-state relative-caret-position="748">
                <caret line="44" selection-start-line="44" selection-end-line="44" />
              </editor-state>
              <multi-preview-state selected="">
                <representations>
                  <list />
                </representations>
              </multi-preview-state>
            </state>
          </provider>
        </entry>
      </file>
      <file pinned="false" current-in-tab="true">
        <entry file="file://$PROJECT_DIR$/app/src/main/java/com/example/cats/NetworkUtils.kt">
          <provider selected="true" editor-type-id="android-source-code">
            <state>
              <editor-state relative-caret-position="198">
                <caret line="12" column="6" selection-start-line="12" selection-start-column="6" selection-end-line="12" selection-end-column="6" />
              </editor-state>
              <multi-preview-state selected="">
                <representations>
                  <list />
                </representations>
              </multi-preview-state>
            </state>
          </provider>
        </entry>
      </file>
    </leaf>
  </component>
  <component name="FileTypeUsageLocalSummary">
    <fileType name="Kotlin">
      <summary usageCount="11" lastUsed="1695671703378" />
    </fileType>
  </component>
  <component name="IgnoredFileRootStore">
    <option name="generatedRoots">
      <set>
        <option value="$PROJECT_DIR$/.idea" />
      </set>
    </option>
  </component>
  <component name="LanguageUsageStatistics">
    <language id="kotlin">
      <summary usageCount="11" lastUsage="1695671703378" />
    </language>
  </component>
  <component name="ProjectView">
    <navigator currentView="AndroidView" proportions="" version="1" />
    <panes>
      <pane id="PackagesPane" />
      <pane id="ProjectPane" />
      <pane id="AndroidView">
        <subPane>
          <expand>
            <path>
              <item name="cats" type="1abcf292:AndroidViewProjectNode" />
              <item name="app" type="feadf853:AndroidModuleNode" />
            </path>
            <path>
              <item name="cats" type="1abcf292:AndroidViewProjectNode" />
              <item name="app" type="feadf853:AndroidModuleNode" />
              <item name="java" type="edd41e36:AndroidSourceTypeNode" />
            </path>
            <path>
              <item name="cats" type="1abcf292:AndroidViewProjectNode" />
              <item name="app" type="feadf853:AndroidModuleNode" />
              <item name="java" type="edd41e36:AndroidSourceTypeNode" />
              <item name="cats" type="cbb59c9e:AndroidPsiDirectoryNode" />
            </path>
          </expand>
          <select />
        </subPane>
      </pane>
      <pane id="Scope" />
    </panes>
  </component>
  <component name="TerminalArrangementManager">
    <option name="myTabStates">
      <TerminalTabState tabName="zsh" commandHistoryFileName="cats-history1" />
    </option>
  </component>
  <component name="ToolWindowManager">
    <layout>
      <window_info id="Bookmarks" order="0" side_tool="true" />
      <window_info id="Build Variants" order="1" side_tool="true" />
      <window_info id="Structure" order="2" side_tool="true" />
      <window_info id="Resources Explorer" order="3" />
      <window_info active="true" content_ui="combo" id="Project" order="4" visible="true" weight="0.19269189" />
      <window_info anchor="bottom" id="Version Control" order="0" />
      <window_info anchor="bottom" id="Find" order="1" />
      <window_info anchor="bottom" id="Run" order="2" />
      <window_info anchor="bottom" id="Debug" order="3" weight="0.4" />
      <window_info anchor="bottom" id="Android Profiler" order="4" />
      <window_info anchor="bottom" id="Logcat" order="5" />
      <window_info anchor="bottom" id="App Quality Insights" order="6" />
      <window_info anchor="bottom" id="Build" order="7" weight="0.33027965" />
      <window_info anchor="bottom" id="TODO" order="8" />
      <window_info anchor="bottom" id="Layout Inspector" order="9" side_tool="true" />
      <window_info anchor="bottom" id="Inspection" order="10" weight="0.4" />
      <window_info anchor="bottom" id="Problems View" order="11" />
      <window_info anchor="bottom" id="Terminal" order="12" weight="0.33027965" />
      <window_info anchor="bottom" id="Services" order="13" />
      <window_info anchor="bottom" id="App Inspection" order="14" />
      <window_info anchor="right" id="Assistant" order="0" weight="0.16430074" />
      <window_info anchor="right" id="Device Explorer" order="1" side_tool="true" />
      <window_info anchor="right" id="App Links Assistant" order="2" />
      <window_info anchor="right" id="Gradle" order="3" />
      <window_info anchor="right" id="Device Manager" order="4" />
      <window_info anchor="right" id="Notifications" order="5" weight="0.25" />
      <window_info anchor="right" id="Running Devices" order="6" side_tool="true" />
    </layout>
    <recentWindows>
      <value>Project</value>
      <value>Assistant</value>
      <value>Terminal</value>
      <value>Build</value>
    </recentWindows>
  </component>
  <component name="WindowStateProjectService">
    <state x="385" y="221" key="FileChooserDialogImpl" timestamp="1695671100461">
      <screen x="0" y="0" width="1920" height="1080" />
    </state>
    <state x="385" y="221" key="FileChooserDialogImpl/0.0.1920.1080@0.0.1920.1080" timestamp="1695671100461" />
    <state x="453" y="201" key="SettingsEditor" timestamp="1695671683912">
      <screen x="0" y="0" width="1920" height="1080" />
    </state>
    <state x="453" y="201" key="SettingsEditor/0.0.1920.1080@0.0.1920.1080" timestamp="1695671683912" />
  </component>
  <component name="editorHistoryManager">
    <entry file="file://$PROJECT_DIR$/app/src/main/java/com/example/cats/MainActivity.kt">
      <provider selected="true" editor-type-id="android-source-code">
        <state>
          <editor-state relative-caret-position="748">
            <caret line="44" selection-start-line="44" selection-end-line="44" />
          </editor-state>
          <multi-preview-state selected="">
            <representations>
              <list />
            </representations>
          </multi-preview-state>
        </state>
      </provider>
    </entry>
    <entry file="file://$PROJECT_DIR$/app/src/main/java/com/example/cats/NetworkUtils.kt">
      <provider selected="true" editor-type-id="android-source-code">
        <state>
          <editor-state relative-caret-position="198">
            <caret line="12" column="6" selection-start-line="12" selection-start-column="6" selection-end-line="12" selection-end-column="6" />
          </editor-state>
          <multi-preview-state selected="">
            <representations>
              <list />
            </representations>
          </multi-preview-state>
        </state>
      </provider>
    </entry>
  </component>
</project>