<application>
  <component name="ActionsLocalSummary">
    <e n="ActivateProjectToolWindow">
      <i c="9" l="1695670881745" />
    </e>
    <e n="EditorBackSpace">
      <i c="16" l="1695671571872" />
    </e>
    <e n="EditorCopy">
      <i c="2" l="1695671602953" />
    </e>
    <e n="ShowSettings">
      <i c="22" l="1695671649537" />
    </e>
    <e n="TerminalNewPredefinedSession">
      <i c="1" l="1695670339450" />
    </e>
    <e n="WelcomeScreen.OpenProject">
      <i c="1" l="1695669780567" />
    </e>
    <e n="com.intellij.application.options.schemes.AbstractSchemeActions$ImportAction">
      <i c="2" l="1695671097504" />
    </e>
    <e n="com.intellij.application.options.schemes.AbstractSchemeActions$ResetAction">
      <i c="1" l="1695671391119" />
    </e>
    <e n="com.intellij.application.options.schemes.AbstractSchemesPanel$ShowSchemesActionsListAction">
      <i c="3" l="1695671389272" />
    </e>
    <e n="com.intellij.openapi.actionSystem.EmptyAction$MyDelegatingAction">
      <i c="37" l="1695670874324" />
    </e>
    <e n="com.intellij.openapi.project.DumbAwareAction$SimpleDumbAwareAction">
      <i c="1" l="1695671574532" />
    </e>
    <e n="com.intellij.openapi.ui.DialogWrapper$4">
      <i c="2" l="1695671212052" />
    </e>
    <e n="com.intellij.openapi.ui.impl.DialogWrapperPeerImpl$AnCancelAction">
      <i c="1" l="1695670877609" />
    </e>
    <e n="com.intellij.toolWindow.ToolWindowHeader$HideAction">
      <i c="5" l="1695670846290" />
    </e>
    <e n="com.intellij.ui.SearchTextField$FindAction">
      <i c="1" l="1695671465521" />
    </e>
    <e n="org.jetbrains.plugins.terminal.action.TerminalNewPredefinedSessionAction$OpenShellAction">
      <i c="1" l="1695670340477" />
    </e>
  </component>
</application>