<application>
  <component name="PropertyService"><![CDATA[{
  "keyToString": {
    "ColorChooser.RecentColors": "255-198-109-255,,,255-198-230-255,,,255-230-214-255,,,8-119-194-255,,,28-28-28-255",
    "FileTemplates.SelectedTemplate": "HTML File",
    "MarketplacePluginsSearchHistory": "darcula\ndarcu\nd\ndracula",
    "NonModalCommitCustomization.IsApplied": "true",
    "RunOnceActivity.cidr.test.framework.showIndexingAsTask": "true",
    "RunOnceActivity.se.text.search": "true",
    "SettingsSearchHistory": "function",
    "Source Code Editor With PreviewLayout": "Editor only",
    "android.sdk.path": "/home/jaydder/Android/Sdk",
    "appcds.runOnSecondStart": "AI-223.8836.35.2231.10671973-ba76359ab86b89d5cd9ea94162f05b066fef5351fe87857ff6d141fdd33900e8",
    "ask.about.ctrl.y.shortcut.v2": "true",
    "build.toolwindow.Sync.selection.state": "com.intellij.build.BuildTreeConsoleView",
    "bundled.plugins.list.saved.version": "AI-223.8836.35.2231.10671973",
    "defaultJdkConfigured": "true",
    "fileTypeChangedCounter": "1",
    "fontSizeToResetConsole": "16.0",
    "fontSizeToResetEditor": "16.0",
    "gotit.previous.run": "AI-223.8836.35.2231.10671973",
    "ideavim.statistics.timestamp": "1695669789306",
    "input.method.disabler.muted": "true",
    "installed.kotlin.plugin.version": "223-1.9.0-release-358-AS8836.35.2231.10671973",
    "last_opened_file_path": "/home/jaydder/repo/thiago_dot/jetbrains/taguiar-scheme.jar",
    "previousColorScheme": "_@user_Darcula Darker",
    "registry.to.advanced.settings.migration.build": "AI-223.8836.35.2231.10671973",
    "selected.color.option.type": "DEFAULT_PREDEFINED_SYMBOL",
    "tasks.pass.word.conversion.enforced": "true"
  },
  "keyToStringList": {
    "file.chooser.recent.files": [
      "/home/jaydder/repo/thiago_dot/jetbrains/taguiar-scheme.jar",
      "/home/jaydder/repo/thiago_dot/jetbrains/taguiar_dark.jar",
      "/home/jaydder/project/android/cats"
    ],
    "fileTypeDetectors": [
      "com.intellij.ide.scratch.ScratchFileServiceImpl$Detector",
      "com.jetbrains.cidr.lang.OCHeaderFileTypeDetector",
      "com.android.tools.idea.sqlite.fileType.SqliteFileTypeDetector",
      "com.android.tools.idea.profilers.capture.MemoryCaptureFileType$Detector",
      "org.jetbrains.plugins.textmate.TextMateFileType$TextMateFileDetector"
    ],
    "kotlin-gradle-user-dirs": [
      "/home/jaydder/.gradle"
    ]
  }
}]]></component>
  <component name="ShownTips">{
  &quot;shownTips&quot;: {
    &quot;Kotlin_project&quot;: 1695670316054
  }
}</component>
  <component name="TerminalCommandHistoryManager">
    <command-history-files>
      <command-history-file filename="cats-history" project-path="$USER_HOME$/project/android/cats" last-access-time="1695670336073" />
      <command-history-file filename="cats-history1" project-path="$USER_HOME$/project/android/cats" last-access-time="1695670340480" />
    </command-history-files>
  </component>
</application>