<application>
  <component name="RecentProjectsManager">
    <option name="additionalInfo">
      <map>
        <entry key="$USER_HOME$/project/android/cats">
          <value>
            <RecentProjectMetaInfo frameTitle="cats [~/project/android/cats] – …/app/src/main/java/com/example/cats/MainActivity.kt [cats.app.main]" opened="true" projectWorkspaceId="2Vryt4MhaAUEYpBlVWXYDMLEnOV">
              <option name="activationTimestamp" value="1695671683918" />
              <option name="binFolder" value="$APPLICATION_HOME_DIR$/bin" />
              <option name="build" value="AI-223.8836.35.2231.10671973" />
              <option name="buildTimestamp" value="1692250061838" />
              <frame x="8" y="33" width="1902" height="1037" />
              <option name="productionCode" value="AI" />
              <option name="projectOpenTimestamp" value="1695671327969" />
            </RecentProjectMetaInfo>
          </value>
        </entry>
      </map>
    </option>
    <option name="lastOpenedProject" value="$USER_HOME$/project/android/cats" />
  </component>
</application>