<application>
  <component name="VimMarksSettings">
    <globalmarks />
    <filemarks>
      <file name="/" timestamp="1695671649792">
        <mark key="[" line="0" column="0" />
      </file>
    </filemarks>
    <jumps />
  </component>
  <component name="VimRegisterSettings">
    <registers />
  </component>
  <component name="VimSearchSettings">
    <search>
      <last-dir encoding="base64">MQ==</last-dir>
      <show-last encoding="base64">ZmFsc2U=</show-last>
    </search>
  </component>
</application>