<application>
  <component name="DimensionService">
    <location key="WELCOME_SCREEN.0.0.1920.1080" x="959" y="518" />
  </component>
  <component name="WindowManager">
    <frame x="8" y="33" width="1902" height="1037" />
  </component>
  <component name="WindowStateApplicationService">
    <state x="747" y="324" key="FileChooserDialogImpl" timestamp="1695669783578">
      <screen x="0" y="0" width="1920" height="1080" />
    </state>
    <state x="747" y="324" key="FileChooserDialogImpl/0.0.1920.1080" timestamp="1695669783578" />
    <state x="1414" y="853" width="477" height="159" key="ProcessPopupWindow" timestamp="1695670041979">
      <screen x="0" y="0" width="1920" height="1080" />
    </state>
    <state x="1414" y="853" width="477" height="159" key="ProcessPopupWindow/0.0.1920.1080" timestamp="1695670041979" />
    <state x="959" y="518" key="WELCOME_SCREEN" timestamp="1695669779033">
      <screen x="0" y="0" width="1920" height="1080" />
    </state>
    <state x="959" y="518" key="WELCOME_SCREEN/0.0.1920.1080" timestamp="1695669779033" />
  </component>
</application>